[
{
    "model": "auth.user",
    "pk": 1,
    "fields": {
        "password": "pbkdf2_sha256$1200000$TENqCVcgTL2QYRLOrkmIM5$4Fr65w9xqG31Q+Z5DU477Qh5nCrWf4T8dWSVenVFjU4=",
        "last_login": "2026-01-27T09:14:44.789Z",
        "is_superuser": true,
        "username": "kushal",
        "first_name": "",
        "last_name": "",
        "email": "",
        "is_staff": true,
        "is_active": true,
        "date_joined": "2026-01-25T13:11:05.536Z",
        "groups": [],
        "user_permissions": []
    }
},
{
    "model": "auth.user",
    "pk": 2,
    "fields": {
        "password": "pbkdf2_sha256$1200000$SufCEAAlVYwFgl8TnCbbCd$yjValZy3oB+XfvMJlGPmvWPcukCkX0ldT/46IOIifOU=",
        "last_login": "2026-01-26T02:20:46Z",
        "is_superuser": false,
        "username": "hello",
        "first_name": "hello",
        "last_name": "k xa",
        "email": "hello@gmail.com",
        "is_staff": true,
        "is_active": true,
        "date_joined": "2026-01-26T02:13:53Z",
        "groups": [],
        "user_permissions": [
            32,
            28,
            36
        ]
    }
},
{
    "model": "auth.user",
    "pk": 4,
    "fields": {
        "password": "pbkdf2_sha256$1200000$oaW60mcYJDupW6JskAmVPJ$q4DYTmn0rGzSDkAK4eQxW8uKWKPlrzhVwWMoeo+BlvU=",
        "last_login": "2026-01-26T15:38:02Z",
        "is_superuser": false,
        "username": "Editor1",
        "first_name": "editor",
        "last_name": "one",
        "email": "editor@gmail.com",
        "is_staff": true,
        "is_active": true,
        "date_joined": "2026-01-26T15:36:02Z",
        "groups": [],
        "user_permissions": [
            29,
            30,
            31,
            32,
            25,
            26,
            27,
            28
        ]
    }
},
{
    "model": "auth.user",
    "pk": 5,
    "fields": {
        "password": "pbkdf2_sha256$1200000$smDnbDLNztSFzE33KzoyxR$qAFkzINUJYFYU+EcWIFVCul8enhxrpVJztgpl2Lehfw=",
        "last_login": "2026-01-27T07:54:20.808Z",
        "is_superuser": false,
        "username": "Manager1",
        "first_name": "manager",
        "last_name": "kc",
        "email": "manager@gmail.com",
        "is_staff": true,
        "is_active": true,
        "date_joined": "2026-01-26T15:43:58Z",
        "groups": [
            1
        ],
        "user_permissions": []
    }
},
{
    "model": "auth.user",
    "pk": 6,
    "fields": {
        "password": "pbkdf2_sha256$1200000$zEfBXSCum5HS8ZvYSdWJqD$JK9WT3ByDP2o8Rz7p8GP6552qJlfyTAe40/X+eCZT2Q=",
        "last_login": null,
        "is_superuser": false,
        "username": "Editor2",
        "first_name": "Editor",
        "last_name": "kc",
        "email": "editor@gmail.com",
        "is_staff": true,
        "is_active": true,
        "date_joined": "2026-01-26T15:46:36Z",
        "groups": [
            2
        ],
        "user_permissions": []
    }
},
{
    "model": "auth.user",
    "pk": 7,
    "fields": {
        "password": "pbkdf2_sha256$1200000$MNhh5M2f8WXsKGfeQzbd1Q$Dpv7NWz/3ybQ7cjvNT5slTTGGvLko/Hqro2b/CoLdgA=",
        "last_login": null,
        "is_superuser": false,
        "username": "kushal12",
        "first_name": "1223",
        "last_name": "123",
        "email": "kushal@gmail.com",
        "is_staff": false,
        "is_active": true,
        "date_joined": "2026-01-27T08:13:54.672Z",
        "groups": [],
        "user_permissions": []
    }
},
{
    "model": "auth.user",
    "pk": 8,
    "fields": {
        "password": "pbkdf2_sha256$1200000$VnMxGbPZUWhCxkQDQJBDm0$gIeH2m1faqjhkafCWh3IXuki1aoQr1n4l/rlTuZp5SA=",
        "last_login": null,
        "is_superuser": false,
        "username": "kushalhero",
        "first_name": "",
        "last_name": "",
        "email": "kckushal164@gmail.com",
        "is_staff": false,
        "is_active": true,
        "date_joined": "2026-01-27T09:03:18.834Z",
        "groups": [],
        "user_permissions": []
    }
},
{
    "model": "auth.user",
    "pk": 9,
    "fields": {
        "password": "pbkdf2_sha256$870000$JgoD3dp26DqkTuiDBMqPy9$MKF6S6lhp9OBEd0NSc7vXitOE3iObBRQx43DR5eC9iY=",
        "last_login": "2026-07-09T17:41:14.831Z",
        "is_superuser": true,
        "username": "admin",
        "first_name": "Admin",
        "last_name": "User",
        "email": "admin@example.com",
        "is_staff": true,
        "is_active": true,
        "date_joined": "2026-01-27T09:15:13.002Z",
        "groups": [],
        "user_permissions": []
    }
},
{
    "model": "auth.user",
    "pk": 10,
    "fields": {
        "password": "pbkdf2_sha256$1200000$GNwVuU1qlgKflIs9HKTcYm$mtB/gHgcVIj3jRjiWBH7d3c2yLz5be2X5zTxOf2RQyY=",
        "last_login": null,
        "is_superuser": false,
        "username": "john_doe",
        "first_name": "John",
        "last_name": "Doe",
        "email": "john@example.com",
        "is_staff": false,
        "is_active": true,
        "date_joined": "2026-01-27T09:15:13.510Z",
        "groups": [],
        "user_permissions": []
    }
},
{
    "model": "auth.user",
    "pk": 11,
    "fields": {
        "password": "pbkdf2_sha256$1200000$kt0Phk8cvTdr07pUNftrOs$FZvbJvpPT2G/ZMngr6MjA+vmnk8taw/TosRxzVkJ02o=",
        "last_login": null,
        "is_superuser": false,
        "username": "jane_smith",
        "first_name": "Jane",
        "last_name": "Smith",
        "email": "jane@example.com",
        "is_staff": false,
        "is_active": true,
        "date_joined": "2026-01-27T09:15:14.034Z",
        "groups": [],
        "user_permissions": []
    }
},
{
    "model": "auth.user",
    "pk": 12,
    "fields": {
        "password": "pbkdf2_sha256$1200000$dttEkophF51R7wLu1cbU1F$URFQqGo9PVANGdsNAyFY1VZZWvMKsJ2h26XThG+iiMY=",
        "last_login": null,
        "is_superuser": false,
        "username": "mike_wilson",
        "first_name": "Mike",
        "last_name": "Wilson",
        "email": "mike@example.com",
        "is_staff": false,
        "is_active": true,
        "date_joined": "2026-01-27T09:15:14.538Z",
        "groups": [],
        "user_permissions": []
    }
},
{
    "model": "blogs.userprofile",
    "pk": 1,
    "fields": {
        "user": 1,
        "bio": "",
        "avatar": "",
        "website": "",
        "location": "",
        "created_at": "2026-01-27T09:02:32.410Z",
        "updated_at": "2026-01-27T09:02:32.410Z"
    }
},
{
    "model": "blogs.userprofile",
    "pk": 2,
    "fields": {
        "user": 8,
        "bio": "",
        "avatar": "",
        "website": "",
        "location": "",
        "created_at": "2026-01-27T09:03:19.817Z",
        "updated_at": "2026-01-27T09:03:19.817Z"
    }
},
{
    "model": "blogs.userprofile",
    "pk": 3,
    "fields": {
        "user": 9,
        "bio": "Site Administrator",
        "avatar": "",
        "website": "",
        "location": "",
        "created_at": "2026-01-27T09:15:13.494Z",
        "updated_at": "2026-01-27T09:15:13.494Z"
    }
},
{
    "model": "blogs.userprofile",
    "pk": 4,
    "fields": {
        "user": 10,
        "bio": "I'm John, a passionate blogger.",
        "avatar": "",
        "website": "",
        "location": "",
        "created_at": "2026-01-27T09:15:14.018Z",
        "updated_at": "2026-01-27T09:15:14.018Z"
    }
},
{
    "model": "blogs.userprofile",
    "pk": 5,
    "fields": {
        "user": 11,
        "bio": "I'm Jane, a passionate blogger.",
        "avatar": "",
        "website": "",
        "location": "",
        "created_at": "2026-01-27T09:15:14.519Z",
        "updated_at": "2026-01-27T09:15:14.519Z"
    }
},
{
    "model": "blogs.userprofile",
    "pk": 6,
    "fields": {
        "user": 12,
        "bio": "I'm Mike, a passionate blogger.",
        "avatar": "",
        "website": "",
        "location": "",
        "created_at": "2026-01-27T09:15:15.017Z",
        "updated_at": "2026-01-27T09:15:15.017Z"
    }
},
{
    "model": "blogs.category",
    "pk": 1,
    "fields": {
        "name": "sport",
        "created_at": "2026-01-25T15:51:00.521Z",
        "updated_at": "2026-01-26T16:54:06.237Z"
    }
},
{
    "model": "blogs.category",
    "pk": 2,
    "fields": {
        "name": "politics",
        "created_at": "2026-01-25T15:52:39.473Z",
        "updated_at": "2026-01-25T15:52:39.473Z"
    }
},
{
    "model": "blogs.category",
    "pk": 3,
    "fields": {
        "name": "Stock",
        "created_at": "2026-01-25T15:52:52.033Z",
        "updated_at": "2026-01-25T15:52:52.034Z"
    }
},
{
    "model": "blogs.category",
    "pk": 4,
    "fields": {
        "name": "Business",
        "created_at": "2026-01-25T15:53:00.782Z",
        "updated_at": "2026-01-25T15:53:00.782Z"
    }
},
{
    "model": "blogs.category",
    "pk": 5,
    "fields": {
        "name": "Education",
        "created_at": "2026-01-25T15:53:05.774Z",
        "updated_at": "2026-01-25T15:53:05.774Z"
    }
},
{
    "model": "blogs.category",
    "pk": 6,
    "fields": {
        "name": "Technology",
        "created_at": "2026-01-25T16:23:50.136Z",
        "updated_at": "2026-01-25T16:23:50.136Z"
    }
},
{
    "model": "blogs.category",
    "pk": 7,
    "fields": {
        "name": "Science",
        "created_at": "2026-01-25T16:23:58.334Z",
        "updated_at": "2026-01-25T16:23:58.334Z"
    }
},
{
    "model": "blogs.category",
    "pk": 8,
    "fields": {
        "name": "Health",
        "created_at": "2026-01-25T16:24:06.964Z",
        "updated_at": "2026-01-25T16:24:06.964Z"
    }
},
{
    "model": "blogs.category",
    "pk": 12,
    "fields": {
        "name": "Programming",
        "created_at": "2026-01-27T09:15:15.035Z",
        "updated_at": "2026-01-27T09:15:15.035Z"
    }
},
{
    "model": "blogs.category",
    "pk": 13,
    "fields": {
        "name": "Web Development",
        "created_at": "2026-01-27T09:15:15.053Z",
        "updated_at": "2026-01-27T09:15:15.053Z"
    }
},
{
    "model": "blogs.category",
    "pk": 14,
    "fields": {
        "name": "Data Science",
        "created_at": "2026-01-27T09:15:15.068Z",
        "updated_at": "2026-01-27T09:15:15.068Z"
    }
},
{
    "model": "blogs.category",
    "pk": 15,
    "fields": {
        "name": "Artificial Intelligence",
        "created_at": "2026-01-27T09:15:15.078Z",
        "updated_at": "2026-01-27T09:15:15.078Z"
    }
},
{
    "model": "blogs.category",
    "pk": 16,
    "fields": {
        "name": "DevOps",
        "created_at": "2026-01-27T09:15:15.105Z",
        "updated_at": "2026-01-27T09:15:15.105Z"
    }
},
{
    "model": "blogs.category",
    "pk": 17,
    "fields": {
        "name": "Mobile Development",
        "created_at": "2026-01-27T09:15:15.122Z",
        "updated_at": "2026-01-27T09:15:15.122Z"
    }
},
{
    "model": "blogs.category",
    "pk": 18,
    "fields": {
        "name": "Cybersecurity",
        "created_at": "2026-01-27T09:15:15.138Z",
        "updated_at": "2026-01-27T09:15:15.138Z"
    }
},
{
    "model": "blogs.category",
    "pk": 19,
    "fields": {
        "name": "Cloud Computing",
        "created_at": "2026-01-27T09:15:15.155Z",
        "updated_at": "2026-01-27T09:15:15.155Z"
    }
},
{
    "model": "blogs.category",
    "pk": 20,
    "fields": {
        "name": "Software Engineering",
        "created_at": "2026-01-27T09:15:15.170Z",
        "updated_at": "2026-01-27T09:15:15.170Z"
    }
},
{
    "model": "blogs.blog",
    "pk": 3,
    "fields": {
        "title": "Musk wants up to $134B in OpenAI lawsuit, despite $700B fortune",
        "slug": "musk-wants-up-to-134b-in-openai-lawsuit-despite-700b-fortune",
        "category": 6,
        "author": 1,
        "created_at": "2026-01-25T16:27:07.912Z",
        "updated_at": "2026-01-27T09:24:22.569Z",
        "published_at": "2026-01-25T16:27:07.912Z",
        "featured_image": "uploads/sample/blog1.jpg",
        "featured_image_alt": "",
        "blog_body": "Elon Musk wants a jaw-dropping $79 billion to $134 billion in damages from OpenAI and Microsoft, claiming the AI company defrauded him by jettisoning its nonprofit mission, Bloomberg first reported. The figure comes from expert witness C. Paul Wazzan, a financial economist whose bio says he has been deposed nearly 100 times and testified at trial more than a dozen times in complex commercial litigation cases.\r\n\r\nWazzan, who specializes in valuation and damages calculations, determined that Musk is entitled to a hefty portion of OpenAI’s current $500 billion valuation based on his $38 million seed donation when he co-founded the startup in 2015. (If you’re wondering, that would mean a 3,500-fold return on Musk’s investment.)",
        "short_description": "Musk seeks $134 billion from OpenAI",
        "status": "published",
        "is_featured": true,
        "views": 1,
        "meta_description": null
    }
},
{
    "model": "blogs.blog",
    "pk": 4,
    "fields": {
        "title": "Sundowning president unloads 85 late-night missives on social media",
        "slug": "sundowning-president-unloads-85-late-night-missives-on-social-media",
        "category": 2,
        "author": 2,
        "created_at": "2026-01-25T16:29:37.295Z",
        "updated_at": "2026-01-27T09:24:22.598Z",
        "published_at": "2026-01-25T16:29:37.295Z",
        "featured_image": "uploads/sample/blog2.jpg",
        "featured_image_alt": "",
        "blog_body": "The president made a total of 85 posts over the span of five hours, with many reposts of right-wing clips including posts featuring comment from Elon Musk and Pete Hegseth. Before his reposting spree, Trump lashed out at NATO, California Governor Gavin Newsom, and an advertisement for Melania Trump's upcoming documentary.\r\n\r\nTrump also boasted of \"saving TikTok\" before his massive spree of reposts on Truth Social. He wrote, \"I am so happy to have helped in saving TikTok! It will now be owned by a group of Great American Patriots and Investors, the Biggest in the World, and will be an important Voice.\r\n\r\n\"Along with other factors, it was responsible for my doing so well with the Youth Vote in the 2024 Presidential Election. I only hope that long into the future I will be remembered by those who use and love TikTok. Thank you to Vice President JD Vance, and all of the others within my Administration, who helped bring this Deal to a very dramatic, final, and beautiful conclusion.\r\n\r\nRawStory",
        "short_description": "Sometime after midnight, while America slept, Grandpa Puddin' Brains got hold of his phone and let loose a torrent of posts on his personal social network. By morning, 85 posts were excreted into the void",
        "status": "published",
        "is_featured": false,
        "views": 4,
        "meta_description": null
    }
},
{
    "model": "blogs.blog",
    "pk": 5,
    "fields": {
        "title": "Google Gemini’s ‘Personal Intelligence’ Pulls from Your Search and YouTube History",
        "slug": "google-geminis-personal-intelligence-pulls-from-your-search-and-youtube-history",
        "category": 5,
        "author": 1,
        "created_at": "2026-01-25T16:31:13.352Z",
        "updated_at": "2026-01-27T09:24:22.615Z",
        "published_at": "2026-01-25T16:31:13.352Z",
        "featured_image": "uploads/sample/blog3.jpg",
        "featured_image_alt": "",
        "blog_body": "It feels clear at this point that the next big frontier for consumer-facing artificial intelligence is personalization. OpenAI has made this central to ChatGPT by introducing memories that allow the chatbot to pull from past conversations, and now Google is taking it a step further. On Wednesday, it announced a new beta feature for its popular Gemini assistant that users can opt into called “Personal Intelligence,” which goes beyond past conversations and digs into your internet history.\r\n\r\n\r\nMuch like ChatGPT, Gemini can pull from your previous conversations. But with Personal Intelligence, it can also pull from just about anything you’ve done across the Google ecosystem—though you can selectively disconnect certain services and delete history as needed.",
        "short_description": "Personalization that is maybe a bit too personal.",
        "status": "published",
        "is_featured": false,
        "views": 0,
        "meta_description": null
    }
},
{
    "model": "blogs.blog",
    "pk": 6,
    "fields": {
        "title": "Trump sues Jamie Dimon,",
        "slug": "trump-sues-jamie-dimon",
        "category": 2,
        "author": 2,
        "created_at": "2026-01-25T16:33:44.360Z",
        "updated_at": "2026-01-27T09:24:22.631Z",
        "published_at": "2026-01-25T16:33:44.360Z",
        "featured_image": "uploads/sample/blog4.jpg",
        "featured_image_alt": "",
        "blog_body": "The second year of President Trump's second term just got more complicated for the nation's largest bank and its longtime CEO Jamie Dimon.\r\n\r\nOn Thursday, Trump's legal team filed a $5 billion lawsuit against JPMorgan Chase (JPM) and Dimon, accusing the nation’s largest bank of debanking him, or terminating bank services, for political reasons.",
        "short_description": "Trump sues Jamie Dimon, JPMorgan over 'debanking' claims, complicating life for the nation's largest bank",
        "status": "published",
        "is_featured": true,
        "views": 3,
        "meta_description": null
    }
},
{
    "model": "blogs.blog",
    "pk": 7,
    "fields": {
        "title": "Google Falls Back To Featured Snippets When AI Overviews Don't Generate",
        "slug": "google-falls-back-to-featured-snippets-when-ai-overviews-dont-generate",
        "category": 4,
        "author": 2,
        "created_at": "2026-01-25T16:36:17.298Z",
        "updated_at": "2026-01-27T09:24:22.647Z",
        "published_at": "2026-01-25T16:36:17.298Z",
        "featured_image": "uploads/sample/blog5.jpg",
        "featured_image_alt": "",
        "blog_body": "L’historique complet des bonus reste consultable à tout moment dans l’espace personnel sécurisé. Les free spins sont exclusivement valables sur une sélection restreinte de machines à sous désignées. Les bonus cumulables multiplient les avantages lors de périodes promotionnelles spéciales annoncées. Les bonus de parrainage récompensent l’apport de nouveaux membres actifs par les utilisateurs existants. Les promotions régulières récompensent généreusement la fidélité des membres actifs les plus assidus. Les anniversaires de compte sont célébrés par des bonus personnalisés surprises appréciés généralement. Les exigences de wagering s’élèvent généralement à trente-cinq fois le montant du bonus initial reçu. Les tours gratuits progressifs s’accumulent au fil des dépôts consécutifs effectués régulièrement. Les bonus instantanés créditent immédiatement le compte sans nécessiter d’actions supplémentaires fastidieuses.",
        "short_description": "La flexibilité des limites de mise s’adapte aux profils variés des joueurs occasionnels et réguliers. Betify casino france l’intégration native des cryptomonnaies anticipe les évolutions futures des moyens de paiementse les opérateurs à proposer des services toujours plus perfor",
        "status": "published",
        "is_featured": true,
        "views": 1,
        "meta_description": null
    }
},
{
    "model": "blogs.blog",
    "pk": 10,
    "fields": {
        "title": "this is a new post",
        "slug": "this-is-a-new-post",
        "category": 3,
        "author": 1,
        "created_at": "2026-01-27T07:12:26.559Z",
        "updated_at": "2026-01-27T09:24:22.660Z",
        "published_at": "2026-01-27T07:12:26.559Z",
        "featured_image": "uploads/sample/blog6.jpg",
        "featured_image_alt": "",
        "blog_body": "wefwqf23r",
        "short_description": "dedqwd",
        "status": "published",
        "is_featured": false,
        "views": 2,
        "meta_description": null
    }
},
{
    "model": "blogs.blog",
    "pk": 11,
    "fields": {
        "title": "Getting Started with Django: A Complete Beginner Guide",
        "slug": "getting-started-with-django-a-complete-beginner-guide-9961",
        "category": 13,
        "author": 12,
        "created_at": "2026-01-27T09:15:15.588Z",
        "updated_at": "2026-01-27T09:24:22.678Z",
        "published_at": "2026-01-27T09:15:15.588Z",
        "featured_image": "uploads/sample/blog7.jpg",
        "featured_image_alt": "",
        "blog_body": "\n                <h2>Introduction to Django</h2>\n                <p>Django is a high-level Python web framework that encourages rapid development and clean, pragmatic design. Built by experienced developers, it takes care of much of the hassle of web development.</p>\n                \n                <h3>Why Choose Django?</h3>\n                <ul>\n                    <li><strong>Fast:</strong> Django was designed to help developers take applications from concept to completion quickly.</li>\n                    <li><strong>Secure:</strong> Django takes security seriously and helps developers avoid many common security mistakes.</li>\n                    <li><strong>Scalable:</strong> Some of the busiest sites on the web leverage Django's ability to quickly and flexibly scale.</li>\n                </ul>\n                \n                <h3>Installation</h3>\n                <p>To install Django, simply run:</p>\n                <pre><code>pip install django</code></pre>\n                \n                <h3>Creating Your First Project</h3>\n                <p>Once installed, you can create a new project with:</p>\n                <pre><code>django-admin startproject myproject</code></pre>\n                \n                <p>This will create a directory structure with all the files you need to get started.</p>\n                \n                <h3>Conclusion</h3>\n                <p>Django is an excellent choice for web development. Its batteries-included approach means you can focus on building your application rather than reinventing the wheel.</p>\n                ",
        "short_description": "Learn the basics of Django web framework. This comprehensive guide covers installation, project setup, and building your first web application.",
        "status": "published",
        "is_featured": true,
        "views": 194,
        "meta_description": "Learn the basics of Django web framework. This comprehensive guide covers installation, project setup, and building your first web application."
    }
},
{
    "model": "blogs.blog",
    "pk": 12,
    "fields": {
        "title": "Python Machine Learning: Building Your First Model",
        "slug": "python-machine-learning-building-your-first-model-5012",
        "category": 14,
        "author": 10,
        "created_at": "2026-01-27T09:15:15.668Z",
        "updated_at": "2026-01-27T09:24:22.686Z",
        "published_at": "2026-01-27T09:15:15.668Z",
        "featured_image": "uploads/sample/blog8.jpg",
        "featured_image_alt": "",
        "blog_body": "\n                <h2>Introduction to Machine Learning with Python</h2>\n                <p>Machine learning is transforming industries across the globe. With Python and libraries like scikit-learn, you can start building ML models today.</p>\n                \n                <h3>What is Machine Learning?</h3>\n                <p>Machine learning is a subset of artificial intelligence that enables systems to learn and improve from experience without being explicitly programmed.</p>\n                \n                <h3>Setting Up Your Environment</h3>\n                <pre><code>pip install numpy pandas scikit-learn matplotlib</code></pre>\n                \n                <h3>Your First Classification Model</h3>\n                <p>Let's build a simple classifier using the iris dataset:</p>\n                <pre><code>from sklearn.datasets import load_iris\nfrom sklearn.model_selection import train_test_split\nfrom sklearn.ensemble import RandomForestClassifier\n\n# Load data\niris = load_iris()\nX_train, X_test, y_train, y_test = train_test_split(iris.data, iris.target)\n\n# Train model\nmodel = RandomForestClassifier()\nmodel.fit(X_train, y_train)\n\n# Evaluate\nprint(f\"Accuracy: {model.score(X_test, y_test)}\")</code></pre>\n                \n                <h3>Conclusion</h3>\n                <p>This is just the beginning of your machine learning journey. Keep practicing and exploring different algorithms!</p>\n                ",
        "short_description": "Discover how to build machine learning models with Python. Step-by-step tutorial using scikit-learn for classification and regression.",
        "status": "published",
        "is_featured": true,
        "views": 126,
        "meta_description": "Discover how to build machine learning models with Python. Step-by-step tutorial using scikit-learn for classification and regression."
    }
},
{
    "model": "blogs.blog",
    "pk": 13,
    "fields": {
        "title": "Docker for Developers: Containerization Made Simple",
        "slug": "docker-for-developers-containerization-made-simple-4098",
        "category": 16,
        "author": 11,
        "created_at": "2026-01-27T09:15:15.758Z",
        "updated_at": "2026-01-27T09:24:22.701Z",
        "published_at": "2026-01-27T09:15:15.758Z",
        "featured_image": "uploads/sample/blog9.jpg",
        "featured_image_alt": "",
        "blog_body": "\n                <h2>Understanding Docker</h2>\n                <p>Docker is a platform for developing, shipping, and running applications in containers. Containers are lightweight, standalone packages that include everything needed to run software.</p>\n                \n                <h3>Why Use Docker?</h3>\n                <ul>\n                    <li>Consistent environments across development, testing, and production</li>\n                    <li>Isolation of applications and dependencies</li>\n                    <li>Easy scaling and deployment</li>\n                    <li>Reduced \"it works on my machine\" problems</li>\n                </ul>\n                \n                <h3>Basic Docker Commands</h3>\n                <pre><code># Pull an image\ndocker pull python:3.9\n\n# Run a container\ndocker run -it python:3.9 bash\n\n# List running containers\ndocker ps\n\n# Build an image\ndocker build -t myapp .</code></pre>\n                \n                <h3>Creating a Dockerfile</h3>\n                <pre><code>FROM python:3.9\nWORKDIR /app\nCOPY requirements.txt .\nRUN pip install -r requirements.txt\nCOPY . .\nCMD [\"python\", \"app.py\"]</code></pre>\n                \n                <p>Start containerizing your applications today!</p>\n                ",
        "short_description": "Master Docker containerization. Learn to build, ship, and run applications in containers for consistent development environments.",
        "status": "published",
        "is_featured": false,
        "views": 136,
        "meta_description": "Master Docker containerization. Learn to build, ship, and run applications in containers for consistent development environments."
    }
},
{
    "model": "blogs.blog",
    "pk": 14,
    "fields": {
        "title": "Building REST APIs with Django REST Framework",
        "slug": "building-rest-apis-with-django-rest-framework-3960",
        "category": 13,
        "author": 12,
        "created_at": "2026-01-27T09:15:38.162Z",
        "updated_at": "2026-01-27T09:24:22.716Z",
        "published_at": "2026-01-27T09:15:38.162Z",
        "featured_image": "uploads/sample/blog10.jpg",
        "featured_image_alt": "",
        "blog_body": "\n                <h2>Django REST Framework Overview</h2>\n                <p>Django REST Framework (DRF) is a powerful toolkit for building Web APIs. It provides authentication, serialization, and many other features out of the box.</p>\n                \n                <h3>Installation</h3>\n                <pre><code>pip install djangorestframework</code></pre>\n                \n                <h3>Creating a Serializer</h3>\n                <pre><code>from rest_framework import serializers\nfrom .models import Article\n\nclass ArticleSerializer(serializers.ModelSerializer):\n    class Meta:\n        model = Article\n        fields = ['id', 'title', 'content', 'created_at']</code></pre>\n                \n                <h3>Creating Views</h3>\n                <pre><code>from rest_framework import viewsets\nfrom .models import Article\nfrom .serializers import ArticleSerializer\n\nclass ArticleViewSet(viewsets.ModelViewSet):\n    queryset = Article.objects.all()\n    serializer_class = ArticleSerializer</code></pre>\n                \n                <h3>Authentication</h3>\n                <p>DRF supports various authentication methods including Token, JWT, and OAuth2.</p>\n                \n                <p>Start building your APIs with confidence!</p>\n                ",
        "short_description": "Create powerful REST APIs using Django REST Framework. Complete guide with authentication, serializers, and viewsets.",
        "status": "published",
        "is_featured": false,
        "views": 350,
        "meta_description": "Create powerful REST APIs using Django REST Framework. Complete guide with authentication, serializers, and viewsets."
    }
},
{
    "model": "blogs.blog",
    "pk": 15,
    "fields": {
        "title": "React Hooks: A Complete Guide for Modern React Development",
        "slug": "react-hooks-a-complete-guide-for-modern-react-development-4307",
        "category": 12,
        "author": 11,
        "created_at": "2026-01-27T09:15:38.233Z",
        "updated_at": "2026-01-27T09:24:22.751Z",
        "published_at": "2026-01-27T09:15:38.233Z",
        "featured_image": "uploads/sample/blog1.jpg",
        "featured_image_alt": "",
        "blog_body": "\n                <h2>Introduction to React Hooks</h2>\n                <p>React Hooks let you use state and other React features without writing a class. They were introduced in React 16.8.</p>\n                \n                <h3>useState Hook</h3>\n                <pre><code>import { useState } from 'react';\n\nfunction Counter() {\n    const [count, setCount] = useState(0);\n    \n    return (\n        &lt;button onClick={() => setCount(count + 1)}&gt;\n            Count: {count}\n        &lt;/button&gt;\n    );\n}</code></pre>\n                \n                <h3>useEffect Hook</h3>\n                <pre><code>import { useEffect, useState } from 'react';\n\nfunction DataFetcher() {\n    const [data, setData] = useState(null);\n    \n    useEffect(() => {\n        fetch('/api/data')\n            .then(res => res.json())\n            .then(setData);\n    }, []);\n    \n    return &lt;div&gt;{JSON.stringify(data)}&lt;/div&gt;;\n}</code></pre>\n                \n                <h3>Custom Hooks</h3>\n                <p>You can create your own hooks to reuse stateful logic between components.</p>\n                \n                <p>Hooks make your React code cleaner and more reusable!</p>\n                ",
        "short_description": "Master React Hooks with practical examples. Learn useState, useEffect, useContext, and custom hooks for cleaner code.",
        "status": "published",
        "is_featured": true,
        "views": 500,
        "meta_description": "Master React Hooks with practical examples. Learn useState, useEffect, useContext, and custom hooks for cleaner code."
    }
},
{
    "model": "blogs.blog",
    "pk": 16,
    "fields": {
        "title": "AWS for Beginners: Cloud Computing Fundamentals",
        "slug": "aws-for-beginners-cloud-computing-fundamentals-9345",
        "category": 19,
        "author": 12,
        "created_at": "2026-01-27T09:15:38.316Z",
        "updated_at": "2026-01-27T09:24:22.774Z",
        "published_at": "2026-01-27T09:15:38.316Z",
        "featured_image": "uploads/sample/blog2.jpg",
        "featured_image_alt": "",
        "blog_body": "\n                <h2>What is AWS?</h2>\n                <p>Amazon Web Services (AWS) is the world's most comprehensive cloud platform, offering over 200 fully featured services from data centers globally.</p>\n                \n                <h3>Core AWS Services</h3>\n                <ul>\n                    <li><strong>EC2:</strong> Virtual servers in the cloud</li>\n                    <li><strong>S3:</strong> Scalable object storage</li>\n                    <li><strong>RDS:</strong> Managed relational databases</li>\n                    <li><strong>Lambda:</strong> Serverless compute</li>\n                    <li><strong>CloudFront:</strong> Content delivery network</li>\n                </ul>\n                \n                <h3>Getting Started</h3>\n                <p>Create a free tier account at aws.amazon.com and explore the console. AWS offers 12 months of free tier access to many services.</p>\n                \n                <h3>Best Practices</h3>\n                <ul>\n                    <li>Enable MFA on your root account</li>\n                    <li>Use IAM users instead of root</li>\n                    <li>Set up billing alerts</li>\n                    <li>Use regions close to your users</li>\n                </ul>\n                \n                <p>Cloud computing is the future - start learning today!</p>\n                ",
        "short_description": "Start your cloud journey with AWS. Learn about EC2, S3, RDS, and other essential AWS services for developers.",
        "status": "published",
        "is_featured": false,
        "views": 139,
        "meta_description": "Start your cloud journey with AWS. Learn about EC2, S3, RDS, and other essential AWS services for developers."
    }
},
{
    "model": "blogs.blog",
    "pk": 17,
    "fields": {
        "title": "Git Best Practices for Team Collaboration",
        "slug": "git-best-practices-for-team-collaboration-3751",
        "category": 20,
        "author": 11,
        "created_at": "2026-01-27T09:15:38.409Z",
        "updated_at": "2026-01-27T09:24:22.790Z",
        "published_at": "2026-01-27T09:15:38.409Z",
        "featured_image": "uploads/sample/blog3.jpg",
        "featured_image_alt": "",
        "blog_body": "\n                <h2>Git for Teams</h2>\n                <p>Git is essential for modern software development. When working in teams, following best practices ensures smooth collaboration.</p>\n                \n                <h3>Branching Strategy</h3>\n                <p>Use a consistent branching strategy like Git Flow or GitHub Flow:</p>\n                <ul>\n                    <li><strong>main:</strong> Production-ready code</li>\n                    <li><strong>develop:</strong> Integration branch</li>\n                    <li><strong>feature/*:</strong> New features</li>\n                    <li><strong>hotfix/*:</strong> Emergency fixes</li>\n                </ul>\n                \n                <h3>Commit Message Guidelines</h3>\n                <pre><code>feat: add user authentication\nfix: resolve login redirect issue\ndocs: update API documentation\nrefactor: simplify database queries</code></pre>\n                \n                <h3>Pull Request Tips</h3>\n                <ul>\n                    <li>Keep PRs small and focused</li>\n                    <li>Write descriptive titles and descriptions</li>\n                    <li>Request reviews from relevant team members</li>\n                    <li>Address feedback promptly</li>\n                </ul>\n                \n                <p>Good Git practices lead to better code and happier teams!</p>\n                ",
        "short_description": "Learn Git workflows and best practices for effective team collaboration. Branching strategies, commit messages, and code reviews.",
        "status": "published",
        "is_featured": false,
        "views": 200,
        "meta_description": "Learn Git workflows and best practices for effective team collaboration. Branching strategies, commit messages, and code reviews."
    }
},
{
    "model": "blogs.blog",
    "pk": 18,
    "fields": {
        "title": "PostgreSQL Performance Tuning: Advanced Optimization",
        "slug": "postgresql-performance-tuning-advanced-optimization-4385",
        "category": 6,
        "author": 11,
        "created_at": "2026-01-27T09:15:38.495Z",
        "updated_at": "2026-01-27T09:24:22.800Z",
        "published_at": "2026-01-27T09:15:38.495Z",
        "featured_image": "uploads/sample/blog4.jpg",
        "featured_image_alt": "",
        "blog_body": "\n                <h2>PostgreSQL Performance</h2>\n                <p>PostgreSQL is a powerful database, but like any database, it requires proper tuning for optimal performance.</p>\n                \n                <h3>Indexing Strategies</h3>\n                <pre><code>-- B-tree index (default)\nCREATE INDEX idx_users_email ON users(email);\n\n-- Partial index\nCREATE INDEX idx_active_users ON users(id) WHERE active = true;\n\n-- Composite index\nCREATE INDEX idx_orders_user_date ON orders(user_id, created_at DESC);</code></pre>\n                \n                <h3>Query Optimization</h3>\n                <ul>\n                    <li>Use EXPLAIN ANALYZE to understand query plans</li>\n                    <li>Avoid SELECT * - specify only needed columns</li>\n                    <li>Use appropriate JOINs</li>\n                    <li>Consider query caching</li>\n                </ul>\n                \n                <h3>Configuration Tuning</h3>\n                <pre><code># postgresql.conf\nshared_buffers = 256MB\neffective_cache_size = 1GB\nwork_mem = 64MB\nmaintenance_work_mem = 128MB</code></pre>\n                \n                <p>Regular monitoring and tuning keeps your database running smoothly!</p>\n                ",
        "short_description": "Optimize your PostgreSQL database for maximum performance. Indexing strategies, query optimization, and configuration tuning.",
        "status": "published",
        "is_featured": false,
        "views": 196,
        "meta_description": "Optimize your PostgreSQL database for maximum performance. Indexing strategies, query optimization, and configuration tuning."
    }
},
{
    "model": "blogs.blog",
    "pk": 19,
    "fields": {
        "title": "Kubernetes Deployment: From Zero to Production",
        "slug": "kubernetes-deployment-from-zero-to-production-2793",
        "category": 16,
        "author": 10,
        "created_at": "2026-01-27T09:15:38.582Z",
        "updated_at": "2026-01-27T09:24:22.818Z",
        "published_at": "2026-01-27T09:15:38.582Z",
        "featured_image": "uploads/sample/blog5.jpg",
        "featured_image_alt": "",
        "blog_body": "\n                <h2>Kubernetes Essentials</h2>\n                <p>Kubernetes (K8s) is the leading container orchestration platform. It automates deployment, scaling, and management of containerized applications.</p>\n                \n                <h3>Core Concepts</h3>\n                <ul>\n                    <li><strong>Pod:</strong> Smallest deployable unit</li>\n                    <li><strong>Service:</strong> Network abstraction for pods</li>\n                    <li><strong>Deployment:</strong> Manages pod replicas</li>\n                    <li><strong>Ingress:</strong> External access to services</li>\n                </ul>\n                \n                <h3>Sample Deployment</h3>\n                <pre><code>apiVersion: apps/v1\nkind: Deployment\nmetadata:\n  name: myapp\nspec:\n  replicas: 3\n  selector:\n    matchLabels:\n      app: myapp\n  template:\n    metadata:\n      labels:\n        app: myapp\n    spec:\n      containers:\n      - name: myapp\n        image: myapp:latest\n        ports:\n        - containerPort: 8080</code></pre>\n                \n                <h3>kubectl Commands</h3>\n                <pre><code>kubectl apply -f deployment.yaml\nkubectl get pods\nkubectl logs pod-name\nkubectl scale deployment myapp --replicas=5</code></pre>\n                \n                <p>Master Kubernetes to level up your DevOps skills!</p>\n                ",
        "short_description": "Deploy applications to Kubernetes like a pro. Learn pods, services, deployments, and production best practices.",
        "status": "published",
        "is_featured": false,
        "views": 455,
        "meta_description": "Deploy applications to Kubernetes like a pro. Learn pods, services, deployments, and production best practices."
    }
},
{
    "model": "blogs.blog",
    "pk": 20,
    "fields": {
        "title": "Web Security Essentials: Protecting Your Applications",
        "slug": "web-security-essentials-protecting-your-applications-8652",
        "category": 18,
        "author": 10,
        "created_at": "2026-01-27T09:15:38.682Z",
        "updated_at": "2026-01-27T09:24:22.833Z",
        "published_at": "2026-01-27T09:15:38.682Z",
        "featured_image": "uploads/sample/blog6.jpg",
        "featured_image_alt": "",
        "blog_body": "\n                <h2>Web Application Security</h2>\n                <p>Security should be a priority from day one. Understanding common vulnerabilities helps you build more secure applications.</p>\n                \n                <h3>Common Vulnerabilities</h3>\n                <ul>\n                    <li><strong>XSS:</strong> Cross-Site Scripting</li>\n                    <li><strong>CSRF:</strong> Cross-Site Request Forgery</li>\n                    <li><strong>SQL Injection:</strong> Database attacks</li>\n                    <li><strong>Authentication flaws:</strong> Weak passwords, session hijacking</li>\n                </ul>\n                \n                <h3>Prevention Strategies</h3>\n                <pre><code># Always escape user input\nfrom django.utils.html import escape\nsafe_text = escape(user_input)\n\n# Use parameterized queries\ncursor.execute(\"SELECT * FROM users WHERE id = %s\", [user_id])\n\n# Enable CSRF protection\n{% csrf_token %}</code></pre>\n                \n                <h3>Security Headers</h3>\n                <pre><code>Content-Security-Policy: default-src 'self'\nX-Frame-Options: DENY\nX-Content-Type-Options: nosniff\nStrict-Transport-Security: max-age=31536000</code></pre>\n                \n                <p>Security is everyone's responsibility. Stay vigilant!</p>\n                ",
        "short_description": "Learn essential web security practices. Protect against XSS, CSRF, SQL injection, and other common vulnerabilities.",
        "status": "published",
        "is_featured": false,
        "views": 499,
        "meta_description": "Learn essential web security practices. Protect against XSS, CSRF, SQL injection, and other common vulnerabilities."
    }
},
{
    "model": "blogs.like",
    "pk": 1,
    "fields": {
        "user": 1,
        "blog": 4,
        "created_at": "2026-01-27T08:49:03.816Z"
    }
},
{
    "model": "blogs.bookmark",
    "pk": 1,
    "fields": {
        "user": 1,
        "blog": 4,
        "created_at": "2026-01-27T08:49:01.717Z"
    }
},
{
    "model": "blogs.comment",
    "pk": 1,
    "fields": {
        "user": 1,
        "blog": 3,
        "parent": null,
        "comment": "wow! Really?",
        "is_visible": true,
        "created_at": "2026-01-27T08:20:57.925Z",
        "updated_at": "2026-01-27T08:20:57.925Z"
    }
},
{
    "model": "blogs.comment",
    "pk": 2,
    "fields": {
        "user": 1,
        "blog": 3,
        "parent": null,
        "comment": "hello",
        "is_visible": true,
        "created_at": "2026-01-27T08:26:04.044Z",
        "updated_at": "2026-01-27T08:26:04.044Z"
    }
},
{
    "model": "blogs.contact",
    "pk": 1,
    "fields": {
        "name": "college project",
        "email": "kckushal164@gmail.com",
        "subject": "hello",
        "message": "k xa",
        "created_at": "2026-07-14T05:03:15.038Z",
        "is_read": false
    }
}
]
